{"proxies":{"ti.thermalprinter.TiThermalprinterModule":{"superPackageName":"org.appcelerator.kroll","methods":{"getUSBList":{"runOnUiThread":false,"hasInvocation":false,"args":[],"apiName":"getUSBList","converter":"org.appcelerator.kroll.KrollConverter","defaultValueProvider":"org.appcelerator.kroll.KrollConverter","name":"__default_name__","returnType":"void"},"print":{"runOnUiThread":false,"hasInvocation":false,"args":[{"converter":"org.appcelerator.kroll.KrollConverter","defaultValueProvider":"org.appcelerator.kroll.KrollConverter","name":"options","sourceName":"options","type":"org.appcelerator.kroll.KrollDict"}],"apiName":"print","converter":"org.appcelerator.kroll.KrollConverter","defaultValueProvider":"org.appcelerator.kroll.KrollConverter","name":"__default_name__","returnType":"void"},"requestPermissions":{"runOnUiThread":false,"hasInvocation":false,"args":[],"apiName":"requestPermissions","converter":"org.appcelerator.kroll.KrollConverter","defaultValueProvider":"org.appcelerator.kroll.KrollConverter","name":"__default_name__","returnType":"void"},"scanPrinters":{"runOnUiThread":false,"hasInvocation":false,"args":[],"apiName":"scanPrinters","converter":"org.appcelerator.kroll.KrollConverter","defaultValueProvider":"org.appcelerator.kroll.KrollConverter","name":"__default_name__","returnType":"void"}},"superProxyClassName":"KrollModule","isModule":true,"genClassName":"TiThermalprinterModuleBindingGen","superProxyBindingClassName":"org.appcelerator.kroll.KrollModuleBindingGen","proxyClassName":"TiThermalprinterModule","proxyAttrs":{"propertyAccessors":[],"fullAPIName":"TiThermalprinter","name":"TiThermalprinter","proxyClassName":"ti.thermalprinter.TiThermalprinterModule","isTopLevel":false,"id":"ti.thermalprinter"},"packageName":"ti.thermalprinter","sourceName":"ti.thermalprinter.TiThermalprinterModuleBindingGen","constants":{"TYPE_TCP":{"proxyName":"TYPE_TCP","name":"TYPE_TCP","type":"int","value":1},"TYPE_BLUETOOTH":{"proxyName":"TYPE_BLUETOOTH","name":"TYPE_BLUETOOTH","type":"int","value":0},"TYPE_USB":{"proxyName":"TYPE_USB","name":"TYPE_USB","type":"int","value":2}},"isTitaniumSdk":false,"onAppCreate":"onAppCreate"}},"modules":{"ti.thermalprinter.TiThermalprinterModule":{"apiName":"TiThermalprinter"}}}